majorarea,zipcode,city
Abra,2800,Bangued
Abra,2801,Dolores
Abra,2802,Lagangilang
Abra,2803,Tayum
Abra,2804,Peñarrubia
Abra,2805,Bucay
Abra,2806,Pidigan
Abra,2807,Langiden
Abra,2808,San Quintin
Abra,2809,San Isidro
Abra,2810,Manabo
Abra,2811,Villaviciosa
Abra,2812,Pilar
Abra,2813,Luba
Abra,2814,Tubo
Abra,2815,Boliney
Abra,2816,Daguioman
Abra,2817,Bucloc
Abra,2818,Sallapadan
Abra,2819,Licuan (Baay)
Abra,2820,Malibcong
Abra,2821,Lacub
Abra,2822,Tineg
Abra,2823,San Juan
Abra,2824,Lagayan
Abra,2825,Danglas
Abra,2826,La Paz
Agusan del Norte,8600,Butuan City
Agusan del Norte,8601,Buenavista
Agusan del Norte,8602,Nasipit
Agusan del Norte,8603,Carmen
Agusan del Norte,8605,Cabadbaran City
Agusan del Norte,8604,Magallanes
Agusan del Norte,8606,Tubay
Agusan del Norte,8607,Jabonga
Agusan del Norte,8608,Santiago
Agusan del Norte,8609,Kitcharao
Agusan del Norte,8610,Las Nieves
Agusan del Norte,8611,Remedios T. Romualdez
Agusan del Sur,8500,Prosperidad
Agusan del Sur,8501,San Francisco
Agusan del Sur,8502,Bayugan
Agusan del Sur,8503,Sibagat
Agusan del Sur,8504,Rosario
Agusan del Sur,8505,Trento
Agusan del Sur,8506,Bunawan
Agusan del Sur,8507,Loreto
Agusan del Sur,8508,La Paz
Agusan del Sur,8509,Veruela
Agusan del Sur,8510,Talacogon
Agusan del Sur,8511,San Luis
Agusan del Sur,8512,Santa Josefa
Agusan del Sur,8513,Esperanza
Aklan,5616,Altavas
Aklan,5614,Balete
Aklan,5601,Banga
Aklan,5615,Batan
Aklan,5609,Buruanga
Aklan,5613,Ibajay
Aklan,5600,Kalibo
Aklan,5605,Lezo
Aklan,5602,Libacao
Aklan,5603,Madalag
Aklan,5611,Makato
Aklan,5608,Malay
Aklan,5606,Malinao
Aklan,5607,Nabas
Aklan,5610,New Washington
Aklan,5604,Numancia
Aklan,5612,Tangalan
Albay,4509,Bacacay
Albay,4502,Camalig
Albay,4501,Daraga (Locsin)
Albay,4503,Guinobatan
Albay,4515,Jovellar
Albay,4500,Legazpi City
Albay,4507,Libon
Albay,4504,Ligao City
Albay,4510,Malilipot
Albay,4512,Malinao
Albay,4514,Manito
Albay,4505,Oas
Albay,4516,Pio Duran (Malacbalac)
Albay,4506,Polangui
Albay,4517,Rapu-Rapu
Albay,4508,Santo Domingo
Albay,4511,Tabaco City
Albay,4513,Tiwi
Antique,5717,Anini-y
Antique,5706,Barbaza
Antique,5701,Belison
Antique,5704,Bugasong
Antique,5711,Caluya
Antique,5708,Culasi
Antique,5715,Hamtic
Antique,5705,Laua-an
Antique,5710,Libertad
Antique,5712,Pandan
Antique,5702,Patnongon
Antique,5700,San Jose
Antique,5714,San Remigio
Antique,5709,Sebaste
Antique,5713,Sibalom
Antique,5707,Tibiao
Antique,5716,Tobias Fornier (Dao)
Antique,5703,Valderrama
Apayao,3814,Calanasan (Bayag)
Apayao,3807,Conner
Apayao,3810,Flora
Apayao,3809,Kabugao
Apayao,3813,Luna
Apayao,3812,Pudtol
Apayao,3811,Santa Marcela
Aurora,3200,Baler
Aurora,3204,Casiguran
Aurora,3205,Dilasag
Aurora,3206,Dinalungan
Aurora,3207,Dingalan
Aurora,3203,Dipaculao
Aurora,3202,Maria Aurora
Aurora,3201,San Luis
Basilan,7300,Isabela City
Basilan,7301,Lantawan
Basilan,7302,Lamitan City
Basilan,7303,Maluso
Basilan,7304,Tipo-Tipo
Basilan,7305,Sumisip
Basilan,7306,Tuburan
Basilan,7308,Froilie
Bataan,2114,Abucay
Bataan,2107,Bagac
Bataan,2100,Balanga City
Bataan,2106,Mariveles (Bataan Export Processing Zone)
Bataan,2110,Dinalupihan
Bataan,2111,Hermosa
Bataan,2104,Lamao
Bataan,2103,Limay
Bataan,2105,Mariveles
Bataan,2108,Morong
Bataan,2112,Orani
Bataan,2102,Orion
Bataan,2101,Pilar
Bataan,2109,Morong (Refugee Processing Center)
Bataan,2113,Samal
Batanes,3900,Basco
Batanes,3905,Itbayat
Batanes,3902,Ivana
Batanes,3901,Mahatao
Batanes,3904,Sabtang
Batanes,3903,Uyugan
Batangas,4211,Agoncillo
Batangas,4205,Alitagtag
Batangas,4213,Balayan
Batangas,4219,Balete
Batangas,4200,Batangas City
Batangas,4201,Bauan
Batangas,4212,Calaca
Batangas,4215,"Calatagan, incl. Punta Baluarte"
Batangas,4222,Cuenca
Batangas,4218,Fernando Airbase
Batangas,4230,Ibaan
Batangas,4221,"Laurel, incl. Diokno Highway"
Batangas,4209,Lemery
Batangas,4216,"Lian, incl. Matabungkay"
Batangas,4217,Lipa City
Batangas,4229,"Lobo, incl. Laiya"
Batangas,4202,Mabini
Batangas,4233,Malvar
Batangas,4223,Mataas na Kahoy
Batangas,4231,"Nasugbu, incl. Punta Fuego and Calaruega"
Batangas,4224,Padre Garcia
Batangas,4225,Rosario
Batangas,4227,San Jose
Batangas,4226,San Juan
Batangas,4210,San Luis
Batangas,4207,San Nicolas
Batangas,4204,San Pascual
Batangas,4206,Santa Teresita
Batangas,4234,Santo Tomas
Batangas,4208,Taal
Batangas,4220,Talisay
Batangas,4232,Tanauan City
Batangas,4228,Taysan
Batangas,4203,Tingloy
Batangas,4214,Tuy
Benguet,2612,Atok
Benguet,2600,Baguio City
Benguet,2610,Bakun
Benguet,2605,Bokod
Benguet,2607,Buguias
Benguet,2604,Itogon
Benguet,2606,Kabayan
Benguet,2613,Kapangan
Benguet,2611,Kibungan
Benguet,2601,"La Trinidad, including Pico"
Benguet,2609,"Lepanto, Mankayan"
Benguet,2608,Mankayan
Benguet,2602,Philippine Military Academy
Benguet,2614,Sablan
Benguet,2603,"Tuba, including Marcos Highway and Kennon Road"
Benguet,2615,Tublay
Biliran,6544,Almeria
Biliran,6549,Biliran
Biliran,6550,Cabucgayan
Biliran,6548,Caibiran
Biliran,6547,Culaba
Biliran,6545,Kawayan
Biliran,6546,Maripipi
Biliran,6543,Naval
Bohol,6302,Alburquerque
Bohol,6314,Alicia
Bohol,6311,Anda
Bohol,6335,Antequera
Bohol,6301,Baclayon
Bohol,6342,Balilihan
Bohol,6318,Batuan
Bohol,6326,Bien Unido
Bohol,6317,Bilar
Bohol,6333,Buenavista
Bohol,6328,Calape
Bohol,6312,Candijay
Bohol,6346,Pres. Carlos P. Garcia (Pitogo)
Bohol,6319,Carmen
Bohol,6343,Catigbian
Bohol,6330,Clarin
Bohol,6337,Corella
Bohol,6341,Cortes
Bohol,6322,Dagohoy
Bohol,6344,Danao
Bohol,6339,Dauis
Bohol,6305,Dimiao
Bohol,6309,Duero
Bohol,6307,Garcia Hernandez
Bohol,6310,Guindulman
Bohol,6332,Inabanga
Bohol,6308,Jagna
Bohol,6334,Jetafe
Bohol,6304,Lila
Bohol,6202,Loay
Bohol,6316,Loboc
Bohol,6327,Loon
Bohol,6313,Mabini
Bohol,6336,Maribojoc
Bohol,6340,Panglao
Bohol,6321,Pilar
Bohol,6331,Sagbayan
Bohol,6345,San Isidro
Bohol,6323,San Miguel
Bohol,6347,Sevilla
Bohol,6320,Sierra Bullones
Bohol,6338,Sikatuna
Bohol,6300,Tagbilaran City
Bohol,6325,Talibon
Bohol,6324,Trinidad
Bohol,6329,Tubigon
Bohol,6315,Ubay
Bohol,6306,Valencia
Bukidnon,8707,Baungon
Bukidnon,8723,Cabanglasan
Bukidnon,8721,Damulog
Bukidnon,8719,Dangcagan
Bukidnon,8712,Don Carlos
Bukidnon,8702,Impasugong
Bukidnon,8713,Kadingilan
Bukidnon,8718,Kalilangan
Bukidnon,8720,Kibawe
Bukidnon,8716,Kitaotao
Bukidnon,8722,Lantapan
Bukidnon,8706,Libona
Bukidnon,8700,Malaybalay City
Bukidnon,8704,Malitbog
Bukidnon,8703,Manolo Fortich
Bukidnon,8714,Maramag
Bukidnon,8710,Musuan
Bukidnon,8717,Pangantucan
Bukidnon,8705,Phillips
Bukidnon,8715,Quezon
Bukidnon,8711,San Fernando
Bukidnon,8701,Sumilao
Bukidnon,8708,Talakag
Bukidnon,8709,Valencia City
Bulacan,3012,Angat
Bulacan,3016,Balagtas (Bigaa)
Bulacan,3006,Baliuag
Bulacan,3018,Bocaue
Bulacan,3017,Bulacan
Bulacan,3007,Bustos
Bulacan,3003,Calumpit
Bulacan,3009,Dona Remedios Trinidad
Bulacan,3015,Guiguinto
Bulacan,3002,Hagonoy
Bulacan,3000,Malolos City
Bulacan,3019,Marilao
Bulacan,3020,Meycauayan City
Bulacan,3013,Norzagaray
Bulacan,3021,Obando
Bulacan,3014,Pandi
Bulacan,3001,Paombong
Bulacan,3004,Plaridel
Bulacan,3005,Pulilan
Bulacan,3010,San Ildefonso
Bulacan,3023,San Jose del Monte City
Bulacan,3011,San Miguel
Bulacan,3008,San Rafael
Bulacan,3022,Santa Maria
Bulacan,3024,"Sapang Palay, San Jose del Monte City"
Cagayan,3517,Abulug
Cagayan,3507,Alcala
Cagayan,3523,Allacapan
Cagayan,3505,Amulung
Cagayan,3515,Aparri
Cagayan,3506,Baggao
Cagayan,3516,Ballesteros
Cagayan,3511,Buguey
Cagayan,3520,Calayan
Cagayan,3510,Camalaniugan
Cagayan,3519,Claveria
Cagayan,3501,Enrile
Cagayan,3508,Gattaran
Cagayan,3513,Gonzaga
Cagayan,3504,Iguig
Cagayan,3509,Lal-Lo
Cagayan,3524,Lasam
Cagayan,3522,Pamplona
Cagayan,3502,Peñablanca
Cagayan,3527,Piat
Cagayan,3526,Rizal
Cagayan,3518,Sanchez-Mira
Cagayan,3514,Santa Ana
Cagayan,3521,Santa Praxedes
Cagayan,3512,Santa Teresita
Cagayan,3525,Santo Niño
Cagayan,3503,Solana
Cagayan,3528,Tuao
Cagayan,3500,Tuguegarao City
Camarines Norte,4608,Basud
Camarines Norte,4607,Capalonga
Camarines Norte,4600,Daet
Camarines Norte,4610,Imelda / San Lorenzo Ruiz
Camarines Norte,4606,Jose Panganiban
Camarines Norte,4604,Labo
Camarines Norte,4601,Mercedes
Camarines Norte,4605,Paracale
Camarines Norte,4609,San Vicente
Camarines Norte,4611,Santa Elena
Camarines Norte,4602,Talisay
Camarines Norte,4612,Tulay-na-Lupa
Camarines Norte,4603,Vinzons
Camarines Sur,4432,Baao
Camarines Sur,4436,Balatan
Camarines Sur,4435,Bato
Camarines Sur,4404,Bombon
Camarines Sur,4433,Buhi
Camarines Sur,4430,Bula
Camarines Sur,4406,Cabusao
Camarines Sur,4405,Calabanga
Camarines Sur,4401,Camaligan
Camarines Sur,4402,Canaman
Camarines Sur,4429,Caramoan
Camarines Sur,4411,Del Gallego
Camarines Sur,4412,Gainza
Camarines Sur,4428,Garchitorena
Camarines Sur,4422,Goa
Camarines Sur,4431,Iriga City
Camarines Sur,4425,Lagonoy
Camarines Sur,4407,Libmanan
Camarines Sur,4409,Lupi
Camarines Sur,4403,Magarao
Camarines Sur,4413,Milaor
Camarines Sur,4414,Minalabac
Camarines Sur,4434,Nabua
Camarines Sur,4400,Naga City
Camarines Sur,4419,Ocampo
Camarines Sur,4416,Pamplona
Camarines Sur,4417,Pasacao
Camarines Sur,4418,Pili
Camarines Sur,4424,Presentacion
Camarines Sur,4410,Ragay
Camarines Sur,4421,Sagnay
Camarines Sur,4415,San Fernando
Camarines Sur,4423,San Jose
Camarines Sur,4408,Sipocot
Camarines Sur,4427,Siruma
Camarines Sur,4420,Tigaon
Camarines Sur,4426,Tinambac
Camiguin,9100,Mambajao
Camiguin,9101,Mahinog
Camiguin,9102,Guinsiliban
Camiguin,9103,Sagay
Camiguin,9104,Catarman
Capiz,5811,Cuartero
Capiz,5810,Dao
Capiz,5813,Dumalag
Capiz,5812,Dumarao
Capiz,5805,Ivisan
Capiz,5808,Jamindan
Capiz,5809,Ma-ayon
Capiz,5807,Mambusao
Capiz,5801,Panay
Capiz,5815,Panitan
Capiz,5804,Pilar
Capiz,5802,Pontevedra
Capiz,5803,President Roxas
Capiz,5800,Roxas City
Capiz,5806,Sapian
Capiz,5816,Sigma
Capiz,5814,Tapaz
Catanduanes,4807,Bagamanoc
Catanduanes,4803,Baras
Catanduanes,4801,Bato
Catanduanes,4808,Caramoran
Catanduanes,4804,Gigmoto
Catanduanes,4809,Pandan
Catanduanes,4806,Panganiban
Catanduanes,4810,San Andres
Catanduanes,4802,San Miguel
Catanduanes,4805,Viga
Catanduanes,4800,Virac
Cavite,4133,Bailen
Cavite,4123,Alfonso
Cavite,4119,Amadeo
Cavite,4102,Bacoor
Cavite,4116,Carmona
Cavite,4100,Cavite City
Cavite,4101,Sangley Point Naval Base
Cavite,4125,Corregidor Island
Cavite,4114,Dasmariñas
Cavite,4115,Dasmarinas Resettlement Area
Cavite,4124,General Emilio Aguinaldo (Bailen)
Cavite,4117,General Mariano Alvarez
Cavite,4107,General Trias
Cavite,4103,Imus
Cavite,4122,Indang
Cavite,4104,Kawit
Cavite,4113,Magallanes
Cavite,4112,Maragondon
Cavite,4121,Mendez (Mendez-Nuñez)
Cavite,4110,Naic
Cavite,4105,Noveleta
Cavite,4106,Rosario
Cavite,4118,Silang
Cavite,4120,Tagaytay City
Cavite,4108,Tanza
Cavite,4111,Ternate incl. Caylabne Bay & Puerto Azul
Cavite,4109,Trece Martires City
Cebu,6055,Alcantara
Cebu,6066,Alcoy
Cebu,6077,Alegria
Cebu,6088,Aloguinsan
Cebu,6099,Argao
Cebu,6010,Asturias
Cebu,6011,Badian
Cebu,6041,Balamban
Cebu,6052,Bantayan
Cebu,6036,Barili
Cebu,6010,Bogo City
Cebu,6024,Boljoon
Cebu,6008,Borbon
Cebu,6019,Carcar City
Cebu,6005,Carmen
Cebu,6006,Catmon
Cebu,6000,Cebu City
Cebu,6003,Compostela
Cebu,6001,Consolacion
Cebu,6017,Cordova
Cebu,6013,Daanbantayan
Cebu,6022,Dalaguete
Cebu,6004,Danao City
Cebu,6035,Dumanjug
Cebu,6028,Ginatilan
Cebu,6015,Lapu-Lapu City (Opon)
Cebu,6002,Liloan
Cebu,6016,Mactan Airport
Cebu,6053,Madridejos
Cebu,6029,Malabuyoc
Cebu,6014,Mandaue City
Cebu,6012,Medellin
Cebu,6046,Minglanilla
Cebu,6032,Moalboal
Cebu,6037,Naga
Cebu,6025,Oslob
Cebu,6048,Pilar
Cebu,6039,Pinamungahan
Cebu,6049,Poro
Cebu,6034,Ronda
Cebu,6027,Samboan
Cebu,6018,San Fernando
Cebu,6050,San Francisco
Cebu,6011,San Remigio
Cebu,6047,Santa Fe
Cebu,6026,Santander
Cebu,6020,Sibonga
Cebu,6007,Sogod
Cebu,6009,Tabogon
Cebu,6044,Tabuelan
Cebu,6045,Talisay City
Cebu,6038,Toledo City
Cebu,6043,Tuburan
Cebu,6051,Tudela
Compostela Valley,8109,Compostela
Compostela Valley,8103,Laak (San Vicente)
Compostela Valley,8115,Mabini (Doña Alicia)
Compostela Valley,8114,Maco
Compostela Valley,8116,Maragusan (San Mariano)
Compostela Valley,8108,Mawab
Compostela Valley,8111,Monkayo
Compostela Valley,8107,Montevista
Compostela Valley,8106,Nabunturan
Compostela Valley,8110,New Bataan
Compostela Valley,8117,Pantukan
Cotabato,9413,Alamada
Cotabato,9415,Aleosan
Cotabato,9414,Antipas
Cotabato,9417,Arakan
Cotabato,9416,Banisilan
Cotabato,9408,Carmen
Cotabato,9407,Kabacan
Cotabato,9400,Kidapawan City
Cotabato,9411,Libungan
Cotabato,9404,Magpet
Cotabato,9401,Makilala
Cotabato,9406,Matalam
Cotabato,9410,Midsayap
Cotabato,9402,M'Lang
Cotabato,9412,Pigkawayan
Cotabato,9409,Pikit
Cotabato,9405,President Roxas
Cotabato,9403,Tulunan
Davao del Norte,8102,Asuncion
Davao del Norte,8118,Babak
Davao del Norte,8101,Carmen
Davao del Norte,8113,Kapalong
Davao del Norte,8120,Kaputian
Davao del Norte,8104,New Corella
Davao del Norte,8105,Panabo City
Davao del Norte,8119,Island Garden City of Samal
Davao del Norte,8112,Santo Tomas
Davao del Norte,8100,Tagum City
Davao del Sur,8005,Bansalan
Davao del Sur,8000,Davao City
Davao del Sur,8016,Ateneo de Davao University
Davao del Sur,8002,Digos City
Davao del Sur,8013,Don Marcelino
Davao del Sur,8006,Hagonoy
Davao del Sur,8014,Jose Abad Santos
Davao del Sur,8008,Kiblawan
Davao del Sur,8004,Magsaysay
Davao del Sur,8010,Malalag
Davao del Sur,8012,Malita
Davao del Sur,8003,Matanao
Davao del Sur,8007,Padada
Davao del Sur,8001,Santa Cruz
Davao del Sur,8011,Santa Maria
Davao del Sur,8015,Sarangani
Davao del Sur,8009,Sulop
Davao del Sur,8200,Mati
Davao del Sur,8209,San Isidro
Davao del Sur,8201,Tarragona
Dinagat Islands,8413,Basilisa (Rizal)
Dinagat Islands,8411,Cagdianao
Dinagat Islands,8412,Dinagat
Dinagat Islands,8414,Libjo (Albor)
Dinagat Islands,8415,Loreto
Dinagat Islands,8427,San Jose
Dinagat Islands,8426,Tubajon
Eastern Samar,6822,Arteche
Eastern Samar,6812,Balangiga
Eastern Samar,6801,Balangkayan
Eastern Samar,6800,Borongan
Eastern Samar,6806,Can-avid
Eastern Samar,6817,Dolores
Eastern Samar,6805,General MacArthur
Eastern Samar,6811,Giporlos
Eastern Samar,6809,Guiuan
Eastern Samar,6804,Hernani
Eastern Samar,6819,Jipapad
Eastern Samar,6813,Lawaan
Eastern Samar,6803,Llorente
Eastern Samar,6820,Maslog
Eastern Samar,6802,Maydolong
Eastern Samar,6808,Mercedes
Eastern Samar,6818,Oras
Eastern Samar,6810,Quinapondan
Eastern Samar,6807,Salcedo
Eastern Samar,6814,San Julian
Eastern Samar,6821,San Policarpo
Eastern Samar,6815,Sulat
Eastern Samar,6816,Taft
Guimaras,5044,Buenavista
Guimaras,5045,Jordan
Guimaras,5046,Nueva Valencia
Guimaras,5047,San Lorenzo
Guimaras,5048,Sibunag
Ifugao,3606,Aguinaldo
Ifugao,3608,Alfonso Lista (Potia)
Ifugao,3610,Asipulo
Ifugao,3601,Banaue
Ifugao,3607,Hingyon
Ifugao,3603,Hungduan
Ifugao,3604,Kiangan
Ifugao,3600,Lagawe
Ifugao,3605,Lamut
Ifugao,3602,Mayoyao (Mayaoyao)
Ifugao,3609,Tinoc
Ilocos Norte,2922,Adams
Ilocos Norte,2916,Bacarra
Ilocos Norte,2904,Badoc
Ilocos Norte,2920,Bangui
Ilocos Norte,2908,Banna (Espiritu)
Ilocos Norte,2906,Batac
Ilocos Norte,2918,Burgos
Ilocos Norte,2911,Carasi
Ilocos Norte,2903,Currimao
Ilocos Norte,2913,Dingras
Ilocos Norte,2921,Dumalneg
Ilocos Norte,2900,Laoag City
Ilocos Norte,2907,Marcos
Ilocos Norte,2909,Nueva Era
Ilocos Norte,2919,Pagudpud
Ilocos Norte,2902,Paoay
Ilocos Norte,2917,Pasuquin
Ilocos Norte,2912,Piddig
Ilocos Norte,2905,Pinili
Ilocos Norte,2901,San Nicolas
Ilocos Norte,2914,Sarrat
Ilocos Norte,2910,Solsona
Ilocos Norte,2915,Vintar
Ilocos Sur,2716,Alilem
Ilocos Sur,2708,Banayoyo
Ilocos Sur,2727,Bantay
Ilocos Sur,2724,Burgos
Ilocos Sur,2732,Cabugao
Ilocos Sur,2710,Candon City
Ilocos Sur,2702,Caoayan
Ilocos Sur,2718,Cervantes
Ilocos Sur,2709,Galimuyod
Ilocos Sur,2720,Gregorio del Pilar
Ilocos Sur,2723,Lidlidda
Ilocos Sur,2730,Magsingal
Ilocos Sur,2725,Nagbukel
Ilocos Sur,2704,Narvacan
Ilocos Sur,2721,Quirino (Angkaki)
Ilocos Sur,2711,Salcedo (Baugen)
Ilocos Sur,2722,San Emilio
Ilocos Sur,2706,San Esteban
Ilocos Sur,2728,San Ildefonso
Ilocos Sur,2731,San Juan (Lapog)
Ilocos Sur,2726,San Vicente
Ilocos Sur,2703,Santa
Ilocos Sur,2701,Santa Catalina
Ilocos Sur,2713,Santa Cruz
Ilocos Sur,2712,Santa Lucia
Ilocos Sur,2705,Santa Maria
Ilocos Sur,2707,Santiago
Ilocos Sur,2729,Santo Domingo
Ilocos Sur,2719,Sigay
Ilocos Sur,2733,Sinait
Ilocos Sur,2717,Sugpon
Ilocos Sur,2715,Suyo
Ilocos Sur,2714,Tagudin
Ilocos Sur,2700,Vigan City
Iloilo,5012,Ajuy
Iloilo,5028,Alimodian
Iloilo,5009,Anilao
Iloilo,5033,Badiangan
Iloilo,5018,Balasan
Iloilo,5010,Banate
Iloilo,5007,Barotoc Nuevo
Iloilo,5011,Barotoc Viejo
Iloilo,5016,Batad
Iloilo,5041,Bingawan
Iloilo,5031,Cabatuan
Iloilo,5040,Calinog
Iloilo,5019,Carles
Iloilo,5013,Concepcion
Iloilo,5035,Dingle
Iloilo,5038,Duenas
Iloilo,5006,Dumangas
Iloilo,5017,Estancia
Iloilo,5022,Guimbal
Iloilo,5029,Igbaras
Iloilo,5000,Iloilo City
Iloilo,5034,Janiuay
Iloilo,5042,Lambunao
Iloilo,5003,Leganes
Iloilo,5043,Lemery
Iloilo,5026,Leon
Iloilo,5030,Maasin
Iloilo,5023,Miagao
Iloilo,5032,Mina
Iloilo,5005,New Lucena
Iloilo,5020,Oton
Iloilo,5037,Passi City
Iloilo,5001,Pavia
Iloilo,5008,Pototan
Iloilo,5015,San Dionisio
Iloilo,5036,San Enrique
Iloilo,5024,San Joaquin
Iloilo,5025,San Miguel
Iloilo,5039,San Rafael
Iloilo,5002,Santa Barbara
Iloilo,5014,Sara
Iloilo,5021,Tigbauan
Iloilo,5027,Tubungan
Iloilo,5004,Zarraga
Isabela,3306,Alicia
Isabela,3307,Angadanan
Isabela,3316,Aurora
Isabela,3331,Benito Soliven
Isabela,3322,Burgos
Isabela,3328,Cabagan
Isabela,3315,Cabatuan
Isabela,3305,Cauayan City
Isabela,3312,Cordon
Isabela,3326,Delfin Albano
Isabela,3336,Dinapigui
Isabela,3335,Divilacan
Isabela,3309,Echague
Isabela,3301,Gamu
Isabela,3300,Ilagan
Isabela,3313,Jones
Isabela,3304,Luna
Isabela,3333,Maconacon
Isabela,3323,Mallig
Isabela,3302,Naguillan
Isabela,3334,Palanan
Isabela,3324,Quezon
Isabela,3321,Quirino
Isabela,3319,Ramon
Isabela,3303,Reina Mercedes
Isabela,3320,Roxas
Isabela,3314,San Agustin
Isabela,3308,San Guillermo
Isabela,3310,San Isidro
Isabela,3317,San Manuel (Callang)
Isabela,3332,San Mariano
Isabela,3318,San Mateo
Isabela,3329,San Pablo
Isabela,3330,Santa Maria
Isabela,3311,Santiago City
Isabela,3327,Santo Tomas
Isabela,3325,Tumauini
Kalinga,3801,Balbalan
Kalinga,3808,Liwan (Rizal)
Kalinga,3802,Lubuagan
Kalinga,3803,Pasil
Kalinga,3806,Pinukpuk
Kalinga,3800,Tabuk City
Kalinga,3805,Tanudan
Kalinga,3804,Tinglayan
La Union,2504,Agoo
La Union,2503,Aringay
La Union,2515,Bacnotan
La Union,2512,Bagulin
La Union,2517,Balaoan
La Union,2519,Bangar
La Union,2501,Bauang
La Union,2510,Burgos
La Union,2502,Caba
La Union,2507,Damortis
La Union,2518,Luna
La Union,2511,Naguillan
La Union,2508,Pugo
La Union,2506,Rosario
La Union,2500,San Fernando City
La Union,2513,San Gabriel
La Union,2514,San Juan
La Union,2505,Santo Tomas
La Union,2516,Santol
La Union,2520,Sudepen
La Union,2509,Tubao
Laguna,4001,Alaminos
Laguna,4033,Bay
Laguna,4024,Biñan
Laguna,4006,"Botocan, Magdalena"
Laguna,4025,Cabuyao
Laguna,4027,Calamba City
Laguna,4012,Calauan
Laguna,4029,Camp Vicente Lim
Laguna,4028,"Canlubang, Calamba City"
Laguna,4013,Cavinti
Laguna,4021,Famy
Laguna,4015,Kalayaan
Laguna,4004,Liliw
Laguna,4030,Los Baños
Laguna,4032,Luisiana
Laguna,4014,Lumban
Laguna,4020,Mabitac
Laguna,4007,Magdalena
Laguna,4005,Majayjay
Laguna,4002,Nagcarlan
Laguna,4016,Paete
Laguna,4008,Pagsanjan
Laguna,4017,Pakil
Laguna,4018,Pangil
Laguna,4010,Pila
Laguna,4003,Rizal
Laguna,4000,San Pablo City
Laguna,4023,San Pedro
Laguna,4009,Santa Cruz
Laguna,4022,Santa Maria
Laguna,4026,Santa Rosa City
Laguna,4019,Siniloan
Laguna,4031,"University of the Philippines, Los Baños"
Laguna,4011,Victoria
Lanao del Norte,9205,Bacolod
Lanao del Norte,9217,Baloi
Lanao del Norte,9210,Baroy
Lanao del Norte,9200,Iligan City
Lanao del Norte,9214,Kapatagan
Lanao del Norte,9215,Karomatan
Lanao del Norte,9202,Kauswagan
Lanao del Norte,9207,Kolambogan
Lanao del Norte,9211,Lala
Lanao del Norte,9201,Linamon
Lanao del Norte,9221,Magsaysay
Lanao del Norte,9206,Maigo
Lanao del Norte,9203,Matungao
Lanao del Norte,9219,Munai
Lanao del Norte,9216,Nunungan
Lanao del Norte,9208,Pantao Ragat
Lanao del Norte,9218,Pantar
Lanao del Norte,9204,Poona Piagapo
Lanao del Norte,9212,Salvador
Lanao del Norte,9213,Sapad
Lanao del Norte,9222,Tagoloan
Lanao del Norte,9220,Tangkal
Lanao del Norte,9209,Tubod
Lanao del Sur,9316,Bacolod Kalawi
Lanao del Sur,9302,Balabagan
Lanao del Sur,9318,Balindong
Lanao del Sur,9309,Bayang
Lanao del Sur,9310,Binidayan
Lanao del Sur,9714,Buadiposo Buntong
Lanao del Sur,9708,Bubong
Lanao del Sur,9320,Bumbaran
Lanao del Sur,9305,Butig
Lanao del Sur,9319,Calanogas
Lanao del Sur,9311,Ganassi
Lanao del Sur,9709,Kapai
Lanao del Sur,9703,Lumba Bayabao
Lanao del Sur,9307,Lumbatan
Lanao del Sur,9306,Lumbayanague
Lanao del Sur,9308,Macadar Andong
Lanao del Sur,9315,Madalum
Lanao del Sur,9314,Madamba
Lanao del Sur,9715,Maguing
Lanao del Sur,9300,Malabang
Lanao del Sur,9303,Marogong
Lanao del Sur,9711,Marantao
Lanao del Sur,9700,Marawi City
Lanao del Sur,9706,Masui
Lanao del Sur,9702,Mulondo
Lanao del Sur,9312,Pagayawan
Lanao del Sur,9710,Piagapo
Lanao del Sur,9705,Poona Bayabao
Lanao del Sur,9313,Pualas
Lanao del Sur,9713,Ramain-Ditsaan
Lanao del Sur,9701,Saguiaran
Lanao del Sur,9301,Picong(Sultan Gumander)
Lanao del Sur,9321,Tagoloan-II
Lanao del Sur,9704,Tamparan
Lanao del Sur,9712,Taraka
Lanao del Sur,9304,Tubaran
Lanao del Sur,9317,Tugaya
Lanao del Sur,9716,Wao
Leyte,6510,Abuyog
Leyte,6517,Alangalang
Leyte,6542,Albuera
Leyte,6520,Babatngon
Leyte,6519,Barugo
Leyte,6525,Bato
Leyte,6521,Baybay
Leyte,6516,Burauen
Leyte,6534,Calubian
Leyte,6530,Capoocan
Leyte,6529,Carigara
Leyte,6515,Dagami
Leyte,6505,Dulag
Leyte,6524,Hilongos
Leyte,6523,Hindang
Leyte,6522,Inopacan
Leyte,6539,Isabel
Leyte,6527,Jaro
Leyte,6511,Javier
Leyte,6506,Julita
Leyte,6531,Kananga
Leyte,6508,La Paz
Leyte,6533,Leyte
Leyte,6509,Macarthur
Leyte,6512,Mahaplag
Leyte,6532,Matag-ob
Leyte,6526,Matalom
Leyte,6507,Mayorga
Leyte,6540,Merida
Leyte,6541,Ormoc City
Leyte,6501,Palo
Leyte,6538,Palompon
Leyte,6514,Pastrana
Leyte,6535,San Isidro
Leyte,6518,San Miguel
Leyte,6513,Santa Fe
Leyte,6536,Tabango
Leyte,6504,Tabontabon
Leyte,6500,Tacloban City
Leyte,6502,Tanuan
Leyte,6503,Tolosa
Leyte,6528,Tunga
Leyte,6537,Villaba
Maguindanao,9600,Cotabato City
Maguindanao,9609,Ampatuan
Maguindanao,9616,Buluan
Maguindanao,9617,Datu Paglas
Maguindanao,9607,Datu Piang
Maguindanao,9618,Gen. S.K. Pendatun
Maguindanao,9608,Sarip Aguak (Maganoy)
Maguindanao,9610,Pagalungan
Maguindanao,9603,South Upi
Maguindanao,9611,Sultan sa Barongis
Maguindanao,9612,Talayan
Marinduque,4900,Boac
Marinduque,4901,Mogpog
Marinduque,4902,Santa Cruz
Marinduque,4903,Torrijos
Marinduque,4904,Buenavista
Marinduque,4905,Gasan
Masbate,5414,Aroroy
Masbate,5413,Baleno
Masbate,5412,Balud
Masbate,5415,Batuan
Masbate,5421,Buenavista
Masbate,5405,Cataingan
Masbate,5409,Cawayan
Masbate,5419,Claveria
Masbate,5403,Dimasalang
Masbate,5407,Esperanza
Masbate,5411,Mandaon
Masbate,5400,Masbate City
Masbate,5410,Milagros
Masbate,5401,Mobo
Masbate,5418,Monreal
Masbate,5404,Palanas
Masbate,5406,Pio V. Corpuz
Masbate,5408,Placer
Masbate,5416,San Fernando
Masbate,5417,San Jacinto
Masbate,5420,San Pascual
Masbate,5402,Uson
Caloocan City,1420,Kaybiga/Deparo
Caloocan City,1421,Bagumbong/Pag-asa
Caloocan City,1422,Novaliches North
Caloocan City,1423,Lilles Ville Subdivision
Caloocan City,1424,Captol Parkland Subdivision
Caloocan City,1425,Amparo Subdivision
Caloocan City,1426,Bankers Village
Caloocan City,1427,Tala Leprosarium and Victory Heights
Caloocan City,1428,Bagong Silang
Caloocan City,1400,Caloocan City Central Post Office
Caloocan City,1401,Baesa
Caloocan City,1402,Santa Quiteria
Caloocan City,1403,Grace Park East
Caloocan City,1404,San Jose
Caloocan City,1405,First Avenue to Seventh Avenue West
Caloocan City,1406,Grace Park West
Caloocan City,1407,University Hills
Caloocan City,1408,Sangandaan
Caloocan City,1409,Kaunlaran Village (shared with Malabon City and Navotas)
Caloocan City,1410,Maypajo
Caloocan City,1411,Fish Market (shared with Navotas)
Caloocan City,1412,Isla de Cocomo
Caloocan City,1413,Kapitbayahan
Las Piñas City,1740,Las Piñas Central Post Office
Las Piñas City,1741,Greymarville Subdivision
Las Piñas City,1742,Pulang Lupa and Zapote
Las Piñas City,1743,Cut-cut
Las Piñas City,1744,Manuyo
Las Piñas City,1745,Gatchalian Subdivision
Las Piñas City,1746,Verdant Acres Subdivision
Las Piñas City,1747,Moonwalk Subdivision and Talon
Las Piñas City,1748,Manila Doctors Village
Las Piñas City,1749,Angela Village
Las Piñas City,1750,Almanza
Las Piñas City,1751,T.S. Cruz Subdivision
Las Piñas City,1752,Soldiers Hills Subdivision
Makati City,1200,Makati Central Post Office
Makati City,1201,Fort Bonifacio (now part of Taguig City)
Makati City,1202,Fort Bonifacio Naval Station
Makati City,1203,San Antonio Village
Makati City,1204,"La Paz, Singkamas, and Tejeros"
Makati City,1205,Santa Cruz
Makati City,1206,Kasilawan
Makati City,1207,Carmona and Olympia
Makati City,1208,"Valenzuela (includes Rizal, San Miguel, and Santiago Villages)"
Makati City,1209,Bel-Air
Makati City,1210,Poblacion
Makati City,1211,Guadalupe Viejo (includes Palm Village)
Makati City,1212,Guadalupe Nuevo (includes Visayan Village)
Makati City,1213,Pinagkaisahan - Pitogo
Makati City,1214,Cembo
Makati City,1215,West Rembo
Makati City,1216,East Rembo and Malapad na Bato
Makati City,1217,Comembo
Makati City,1218,Pembo
Makati City,1219,Forbes Park North
Makati City,1220,Forbes Park South
Makati City,1221,Dasmariñas Village North
Makati City,1222,Dasmariñas Village South
Makati City,1223,San Lorenzo Village
Makati City,1224,Makati Commercial Center
Makati City,1225,Urdaneta Village
Makati City,1226,Ayala Avenue-Paseo de Roxas
Makati City,1227,Salcedo Village
Makati City,1228,Greenbelt
Makati City,1229,Legaspi Village
Makati City,1230,Pio del Pilar
Makati City,1231,Pasong Tamo and Ecology Village
Makati City,1232,Magallanes Village
Makati City,1233,Bangkal
Makati City,1234,San Isidro
Makati City,1235,Palanan
Makati City,700,Plain-Truth
Makati City,701,Colgate Palmolive Philippines
Makati City,702,Citibank
Makati City,703,Sarmiento Enterprises
Makati City,704,Producers Bank
Makati City,705,Union Ajinomoto
Makati City,706,Faith Embassy
Makati City,707,Canadian Embassy
Makati City,708,Philippine National Oil Company
Makati City,709,A-Z Direct Marketing
Makati City,710,American Express
Makati City,711,Land Bank of the Philippines
Makati City,712,Prudential Bank
Makati City,713,BPI Family Savings Bank
Makati City,714,Philippine Manila Mission
Makati City,715,Marcopper Mining Corporation
Makati City,716,Allied Bank
Makati City,717,Diners Club
Makati City,718,International Center for Aquatic Resources
Makati City,719,Security Bank
Makati City,720,Bank of the Philippine Islands
Makati City,721,Philippine Long Distance Telephone Company
Makati City,722,World Executive Digest
Makati City,723,Japanese Embassy
Makati City,724,Sun Life Financial
Makati City,725,Insular Life Assurance Company
Makati City,726,Equitable PCI Bank
Makati City,727,Rizal Commercial Banking Corporation
Makati City,728,United Coconut Planters Bank
Makati City,729,Not used
Makati City,730,Zuellig Pharma
Makati City,731,BCD Direct Marketing
Makati City,732,Export and Industry Bank
Makati City,0733-0739,Not used
Makati City,740,"Sycip, Gorres and Velayo"
Makati City,750,Philippine Airlines
Makati City,760,Pilipinas Shell (subsidiary of Royal Dutch Shell)
Makati City,770,ACCRA Law Offices
Makati City,780,Mead Johnson Philippines
Makati City,788,Directories Pilipinas Corporation
Makati City,790,"Atlantic, Gulf and Pacific"
Makati City,1250,Makati CPO-PO Box# 1000 to 1099
Makati City,1251,Makati CPO-PO Box# 1100 to 1199
Makati City,1252,Makati CPO-PO Box# 1200 to 1299
Makati City,1253,Makati CPO-PO Box# 1300 to 1399
Makati City,1254,Makati CPO-PO Box# 1400 to 1499
Makati City,1255,Makati CPO-PO Box# 1500 to 1599
Makati City,1256,Makati CPO-PO Box# 1600 to 1699
Makati City,1257,Makati CPO-PO Box# 1700 to 1799
Makati City,1258,Makati CPO-PO Box# 1800 to 1899
Makati City,1259,Makati CPO-PO Box# 1900 to 1999
Makati City,1260,Makati CPO-PO Box# 2000 to 2099
Makati City,1261,Makati CPO-PO Box# 2100 to 2199
Makati City,1262,Makati CPO-PO Box# 2200 to 2299
Makati City,1263,Makati CPO-PO Box# 2300 to 2399
Makati City,1264,Makati CPO-PO Box# 2400 to 2499
Makati City,1265,Makati CPO-PO Box# 2500 to 2599
Makati City,1266,Makati CPO-PO Box# 2600 to 2699
Makati City,1267,Makati CPO-PO Box# 2700 to 2799
Makati City,1268,Makati CPO-PO Box# 2800 to 2899
Makati City,1269,Makati CPO-PO Box# 2900 to 2999
Makati City,1270,Makati CPO-PO Box# 3000 to 3099
Makati City,1271,Makati CPO-PO Box# 3100 to 3199
Makati City,1272,Makati CPO-PO Box# 3200 to 3299
Makati City,1273,Makati CPO-PO Box# 3300 to 3399
Makati City,1274,Makati CPO-PO Box# 3400 to 3499
Makati City,1275,Makati CPO-PO Box# 3500 to 3599
Makati City,1276,Makati CPO-PO Box# 3600 to 3699
Makati City,1277,Makati CPO-PO Box# 3700 to 3799
Makati City,1278,Makati CPO-PO Box# 3800 to 3899
Makati City,1279,Makati CPO-PO Box# 3900 to 3999
Makati City,1280,Makati CPO-PO Box# 4000 to 4099
Makati City,1281,Makati CPO-PO Box# 4100 to 4199
Makati City,1282,Makati CPO-PO Box# 4200 to 4299
Makati City,1283,Makati CPO-PO Box# 4300 to 4399
Makati City,1284,Makati CPO-PO Box# 4400 to 4499
Makati City,1285,Makati CPO-PO Box# 4500 to 4599
Makati City,1286,Makati CPO-PO Box# 4600 to 4699
Makati City,1287,Makati CPO-PO Box# 4700 to 4799
Makati City,1288,Makati CPO-PO Box# 4800 to 4899
Makati City,1289,Makati CPO-PO Box# 4900 to 4999
Makati City,1290,Makati CPO-PO Box# 5000 to 5099
Makati City,1291,Makati CPO-PO Box# 5100 to 5199
Makati City,1292,Makati CPO-PO Box# 5200 to 5299
Makati City,1293,Makati CPO-PO Box# 5300 to 5399
Makati City,1294,Makati CPO-PO Box# 5400 to 5499
Makati City,1295,Makati CPO-PO Box# 5500 to 5599
Makati City,1296,Makati CPO-PO Box# 5600 to 5699
Makati City,1297,Makati CPO-PO Box# 5700 to 5799
Makati City,1298,Makati CPO-PO Box# 5800 to 5899
Makati City,1299,Makati CPO-PO Box# 5900 to 5999
Malabon City,1409,Kaunlaran Village (shared with Caloocan City and Navotas)
Malabon City,1470,Malabon
Malabon City,1471,Flores
Malabon City,1472,Longos
Malabon City,1473,Tonsuya
Malabon City,1474,Acacia
Malabon City,1475,Potrero
Malabon City,1476,Araneta Subdivision
Malabon City,1477,Maysilo
Malabon City,1478,Santolan
Malabon City,1479,Muzon
Malabon City,1480,Dampalit
Malabon City,1470,Tinajeros
Mandaluyong City,1550,Mandaluyong Central Post Office
Mandaluyong City,1551,Vergara
Mandaluyong City,1552,Shaw Boulevard
Mandaluyong City,1553,National Center for Mental Health
Mandaluyong City,1554,East EDSA
Mandaluyong City,1555,Wack Wack
Mandaluyong City,1556,Greenhills South
Manila,1000,Manila Central Post Office
Manila,1001,Quiapo
Manila,1002,Intramuros
Manila,1003,Santa Cruz South
Manila,1004,Malate
Manila,1005,San Miguel
Manila,1006,Binondo
Manila,1007,Paco
Manila,1008,Sampaloc East
Manila,1009,Santa Ana
Manila,1010,San Nicolas
Manila,1011,Pandacan
Manila,1012,Tondo South
Manila,1013,Tondo North
Manila,1014,Santa Cruz North
Manila,1015,Sampaloc West
Manila,1016,Santa Mesa
Manila,1017,San Andres
Manila,1018,Port Area South
Manila,900,Manila Bulletin
Manila,901,Adventist University of the Philippines
Manila,902,Far East Broadcasting Corporation
Manila,903,Manila Hilton
Manila,904,Midland Hotel
Manila,905,The Philippine Star
Manila,906,Manila Medical Center
Manila,907,San Miguel Corporation
Manila,908,Pan-Filipino Shipping
Manila,909,Summer Institute of Linguistics
Manila,910,Department of Labor and Employment
Manila,911,National Statistics Office
Manila,912,Bureau of Plant Industry
Manila,913,Manila Hotel
Manila,914,Philippine Refining Company and Unilever Philippines
Manila,915,International Correspondence Institute
Manila,916,Radio Veritas
Manila,917,Ateneo de Manila University
Manila,918,Fil-Japan Shipping Company
Manila,919,Manila Police District
Manila,920,Sunbursts Publications
Manila,921,Philippine Plaza Hotel
Manila,922,De La Salle University
Manila,923,Don Stewart Evangelistic Association
Manila,924,World Map
Manila,925,Chinabank
Manila,926,Caltex Philippines
Manila,927,Philippine Veterans Affairs Office
Manila,928,Philippine Campus Crusade
Manila,929,Not used
Manila,930,United States Embassy
Manila,940,Philippine National Bank
Manila,950,Manila Midtown Hotel
Manila,960,International Rice Research Institute
Manila,970,Department of Justice
Manila,980,Asian Development Bank
Manila,990,Philamlife
Manila,1035,Santa Mesa P.O. Box
Manila,1040,Santa Cruz P.O. Box
Manila,1045,Ermita P.O. Box
Manila,1050,Manila CPO-PO Box# 1000 to 1099
Manila,1051,Manila CPO-PO Box# 1100 to 1199
Manila,1052,Manila CPO-PO Box# 1200 to 1299
Manila,1053,Manila CPO-PO Box# 1300 to 1399
Manila,1054,Manila CPO-PO Box# 1400 to 1499
Manila,1055,Manila CPO-PO Box# 1500 to 1599
Manila,1056,Manila CPO-PO Box# 1600 to 1699
Manila,1057,Manila CPO-PO Box# 1700 to 1799
Manila,1058,Manila CPO-PO Box# 1800 to 1899
Manila,1059,Manila CPO-PO Box# 1900 to 1999
Manila,1060,Manila CPO-PO Box# 2000 to 2099
Manila,1061,Manila CPO-PO Box# 2100 to 2199
Manila,1062,Manila CPO-PO Box# 2200 to 2299
Manila,1063,Manila CPO-PO Box# 2300 to 2399
Manila,1064,Manila CPO-PO Box# 2400 to 2499
Manila,1065,Manila CPO-PO Box# 2500 to 2599
Manila,1066,Manila CPO-PO Box# 2600 to 2699
Manila,1067,Manila CPO-PO Box# 2700 to 2799
Manila,1068,Manila CPO-PO Box# 2800 to 2899
Manila,1069,Manila CPO-PO Box# 2900 to 2999
Manila,1070,Manila CPO-PO Box# 3000 to 3099
Manila,1071,Manila CPO-PO Box# 3100 to 3199
Manila,1072,Manila CPO-PO Box# 3200 to 3299
Manila,1073,Manila CPO-PO Box# 3300 to 3399
Manila,1074,Manila CPO-PO Box# 3400 to 3499
Manila,1075,Manila CPO-PO Box# 3500 to 3599
Manila,1076,Manila CPO-PO Box# 3600 to 3699
Manila,1077,Manila CPO-PO Box# 3700 to 3799
Manila,1078,Manila CPO-PO Box# 3800 to 3899
Manila,1079,Manila CPO-PO Box# 3900 to 3999
Manila,1080,Manila CPO-PO Box# 4000 to 4099
Manila,1081,Manila CPO-PO Box# 4100 to 4199
Manila,1082,Manila CPO-PO Box# 4200 to 4299
Manila,1083,Manila CPO-PO Box# 4300 to 4399
Manila,1084,Manila CPO-PO Box# 4400 to 4499
Manila,1085,Manila CPO-PO Box# 4500 to 4599
Manila,1086,Manila CPO-PO Box# 4600 to 4699
Manila,1087,Manila CPO-PO Box# 4700 to 4799
Manila,1088,Manila CPO-PO Box# 4800 to 4899
Manila,1089,Manila CPO-PO Box# 4900 to 4999
Manila,1090,Manila CPO-PO Box# 5000 to 5099
Manila,1091,Manila CPO-PO Box# 5100 to 5199
Manila,1092,Manila CPO-PO Box# 5200 to 5299
Manila,1093,Manila CPO-PO Box# 5300 to 5399
Manila,1094,Manila CPO-PO Box# 5400 to 5499
Manila,1095,Manila CPO-PO Box# 5500 to 5599
Manila,1096,Manila CPO-PO Box# 5600 to 5699
Marikina City,1800,Marikina Central Post Office
Marikina City,1801,San Roque-Calumpang
Marikina City,1802,Industrial Valley
Marikina City,1803,Barangka and Tañong
Marikina City,1804,J. De La Peña
Marikina City,1805,Malanday
Marikina City,1806,Northern and Western Marikina River
Marikina City,1807,Concepcion tarlac
Marikina City,1808,Nangka
Marikina City,1809,Parang
Marikina City,1810,Marikina Heights
Marikina City,1811,Concepcion 2
Marikina City,1812-1819,Not used
Marikina City,1820,"Bagong Nayon, Cupang, Mambagat, and Mayamot"
Muntinlupa City,1770,Muntinlupa Central Post Office
Muntinlupa City,1771,Buli/Cupang
Muntinlupa City,1772,Bayanan/Putatan
Muntinlupa City,1772,Soldiers' Hills
Muntinlupa City,1773,Tunasan
Muntinlupa City,1774,Susana Heights
Muntinlupa City,1775,Pearl Heights
Muntinlupa City,1776,Poblacion
Muntinlupa City,1777,Pleasant Village
Muntinlupa City,1780,Ayala Alabang Subdivision
Muntinlupa City,1799,Ayala Alabang P.O. Boxes
Navotas City,1411,Fish Market
Navotas City,1412,Isla de Cocomo
Navotas City,1413,Kapitbahayan [East]
Navotas City,1409,Kaunlaran Village
Navotas City,1485,Navotas
Navotas City,1489,Tangos
Navotas City,1490,Tanza
Parañaque City,1714,Aeropark Subdivision
Parañaque City,1702,Baclaran
Parañaque City,1711,Better Living Subdivision
Parañaque City,1720,BF Homes 1
Parañaque City,1718,BF Homes 2
Parañaque City,1375,Domestic Airport P.O. - P.O. Box Nos. 1000 to 1099
Parañaque City,1376,Domestic Airport P.O. - P.O. Box Nos. 1100 to 1199
Parañaque City,1377,Domestic Airport P.O. - P.O. Box Nos. 1200 to 1299
Parañaque City,1378,Domestic Airport P.O. - P.O. Box Nos. 1300 to 1399
Parañaque City,1379,Domestic Airport P.O. - P.O. Box Nos. 1400 to 1499
Parañaque City,1380,Domestic Airport P.O. - P.O. Box Nos. 1500 to 1599
Parañaque City,1381,Domestic Airport P.O. - P.O. Box Nos. 1600 to 1699
Parañaque City,1710,Executive Heights Subdivision
Parañaque City,1719,Ireneville Subdivision I & III
Parañaque City,1714,Ireneville Subdivision II
Parañaque City,1717,Manila Memorial Park
Parañaque City,1703,Marina Subdivision (Reclamation)
Parañaque City,1719,Maywood Village I
Parañaque City,1716,Maywood Village II
Parañaque City,1712,Miramar Subdivision
Parañaque City,1708,Multinational Village
Parañaque City,1705,Ninoy Aquino International Airport
Parañaque City,1700,Parañaque CPO
Parañaque City,1706,Pulo
Parañaque City,1715,San Antonio Valley 1
Parañaque City,1707,San Antonio Valley 11 & 12
Parañaque City,1704,Santo Niño
Parañaque City,1709,"South Admiral Village, Merville Park & Moonwalk Subdivision"
Parañaque City,1701,Tambo
Parañaque City,1713,United Parañaque Subdivision
Pasay City,1300,Pasay City Central Post Office
Pasay City,1301,Domestic Airport P.O.
Pasay City,1302,San Rafael
Pasay City,1303,San Roque
Pasay City,1304,Santa Clara
Pasay City,1305,San Jose
Pasay City,1306,San Isidro
Pasay City,1307,Philippine International Convention Center
Pasay City,1308,Bay City
Pasay City,1309,Villamor Airbase
Pasay City,1350,Pasay City CPO - P.O. Box Nos. 1000 to 1099
Pasay City,1351,Pasay City CPO - P.O. Box Nos. 1100 to 1199
Pasay City,1352,Pasay City CPO - P.O. Box Nos. 1200 to 1299
Pasay City,1353,Pasay City CPO - P.O. Box Nos. 1300 to 1399
Pasay City,1354,Pasay City CPO - P.O. Box Nos. 1400 to 1499
Pasig City,1600,Pasig Central Post Office
Pasig City,1601,San Joaquin
Pasig City,1602,Pinagbuhatan
Pasig City,1603,Kapitolyo
Pasig City,1604,Ugong
Pasig City,1605,Ortigas Post Office
Pasig City,1606,Caniogan
Pasig City,1607,Maybunga
Pasig City,1608,Santa Lucia
Pasig City,1609,Rosario
Pasig City,1610,Santolan
Pasig City,1611,Manggahan
Pasig City,1612,Green Park
Pasig City,1650,Pasig Ortigas CTR-PO Box# 1000 to 1099
Pasig City,1651,Pasig Ortigas CTR-PO Box# 1100 to 1199
Pasig City,1652,Pasig Ortigas CTR-PO Box# 1200 to 1299
Pasig City,1653,Pasig Ortigas CTR-PO Box# 1300 to 1399
Pasig City,1654,Pasig Ortigas CTR-PO Box# 1400 to 1499
Pasig City,1655,Pasig Ortigas CTR-PO Box# 1500 to 1599
Pasig City,1656,Pasig Ortigas CTR-PO Box# 1600 to 1699
Pasig City,1657,Pasig Ortigas CTR-PO Box# 1700 to 1799
Pasig City,1658,Pasig Ortigas CTR-PO Box# 1800 to 1899
Pasig City,1659,Pasig Ortigas CTR-PO Box# 1900 to 1999
Pasig City,1660,Pasig Ortigas CTR-PO Box# 2000 to 2099
Pasig City,1661,Pasig Ortigas CTR-PO Box# 2100 to 2199
Pasig City,1662,Pasig Ortigas CTR-PO Box# 2200 to 2299
Pasig City,1663,Pasig Ortigas CTR-PO Box# 2300 to 2399
Pasig City,1664,Pasig Ortigas CTR-PO Box# 2400 to 2499
Pasig City,1665,Pasig Ortigas CTR-PO Box# 2500 to 2599
Pasig City,1666,Pasig Ortigas CTR-PO Box# 2600 to 2699
Pasig City,1667,Pasig Ortigas CTR-PO Box# 2700 to 2799
Pasig City,1668,Pasig Ortigas CTR-PO Box# 2800 to 2899
Pasig City,1669,Pasig Ortigas CTR-PO Box# 2900 to 2999
Pasig City,1670,Pasig Ortigas CTR-PO Box# 3000 to 3099
Pasig City,1671,Pasig Ortigas CTR-PO Box# 3100 to 3199
Pasig City,1672,Pasig Ortigas CTR-PO Box# 3200 to 3299
Pasig City,1673,Pasig Ortigas CTR-PO Box# 3300 to 3399
Pasig City,1674,Pasig Ortigas CTR-PO Box# 3400 to 3499
Pasig City,1675,Pasig Ortigas CTR-PO Box# 3500 to 3599
Pasig City,1676,Pasig Ortigas CTR-PO Box# 3600 to 3699
Pasig City,1677,Pasig Ortigas CTR-PO Box# 3700 to 3799
Pasig City,1678,Pasig Ortigas CTR-PO Box# 3800 to 3899
Pasig City,1679,Pasig Ortigas CTR-PO Box# 3900 to 3999
Pasig City,1680,Pasig Ortigas CTR-PO Box# 4000 to 4099
Pasig City,1681,Pasig Ortigas CTR-PO Box# 4100 to 4199
Pasig City,1682,Pasig Ortigas CTR-PO Box# 4200 to 4299
Pasig City,1683,Pasig Ortigas CTR-PO Box# 4300 to 4399
Pasig City,1684,Pasig Ortigas CTR-PO Box# 4400 to 4499
Pasig City,1685,Pasig Ortigas CTR-PO Box# 4500 to 4599
Pasig City,1686,Pasig Ortigas CTR-PO Box# 4600 to 4699
Pasig City,1687,Pasig Ortigas CTR-PO Box# 4700 to 4799
Pasig City,1688,Pasig Ortigas CTR-PO Box# 4800 to 4899
Pasig City,1689,Pasig Ortigas CTR-PO Box# 4900 to 4999
Pasig City,1690,Pasig Ortigas CTR-PO Box# 5000 to 5099
Pasig City,1691,Pasig Ortigas CTR-PO Box# 5100 to 5199
Pasig City,1692,Pasig Ortigas CTR-PO Box# 5200 to 5299
Pasig City,1693,Pasig Ortigas CTR-PO Box# 5300 to 5399
Pasig City,1694,Pasig Ortigas CTR-PO Box# 5400 to 5499
Pasig City,1695,Pasig Ortigas CTR-PO Box# 5500 to 5599
Pasig City,1696,Pasig Ortigas CTR-PO Box# 5600 to 5699
Pasig City,1697,Pasig Ortigas CTR-PO Box# 5700 to 5799
Pasig City,1698,Pasig Ortigas CTR-PO Box# 5800 to 5899
Pasig City,1699,Pasig Ortigas CTR-PO Box# 5900 to 5999
Pateros,1620,Aguho
Pateros,1621,Santa Ana
Quezon City,1105,Alicia
Quezon City,1102,Amihan
Quezon City,1106,Apolonio Samson
Quezon City,810,Araneta Center
Quezon City,1135,Araneta Center P.O. Boxes
Quezon City,1106,Baesa
Quezon City,1116,Bagbag
Quezon City,1110,Bagong Bayan
Quezon City,1109,Bagong Buhay
Quezon City,1111,Bagong Lipunan
Quezon City,1105,Bagong Pag-Asa
Quezon City,1119,Bagong Silangan
Quezon City,1106,Bahay Toro
Quezon City,1115,Balingasa
Quezon City,1106,Balintawak
Quezon City,1106,Balumbato
Quezon City,1126,Batasan Hills
Quezon City,1109,Bayanihan
Quezon City,1120,BF Homes
Quezon City,1109,Blue Ridge
Quezon City,1101,Botocan
Quezon City,1141,Broadway Center P.O. Boxes
Quezon City,1105,Bungad
Quezon City,820,Bureau of Internal Revenue
Quezon City,1110,Camp Aguinaldo
Quezon City,802,Camp Aguinaldo
Quezon City,801,Camp Crame
Quezon City,1126,Capitol Hills/Park
Quezon City,1117,Capri
Quezon City,1100,Central
Quezon City,1102,Claro
Quezon City,880,Commission on Audit
Quezon City,1121,Commonwealth
Quezon City,1111,Crame
Quezon City,1109,Cubao
Quezon City,1128,Culiat
Quezon City,1115,Damar
Quezon City,1104,Damayan
Quezon City,1112,Damayan Lagi
Quezon City,1123,Damong Maliit
Quezon City,1105,Del Monte
Quezon City,1104,Diliman
Quezon City,1109,Dioquino Zobel
Quezon City,1113,Don Manuel
Quezon City,1113,Doña Aurora
Quezon City,1125,Doña Faustina Subdivision
Quezon City,1113,Doña Imelda
Quezon City,1113,Doña Josefa
Quezon City,1102,Duyan-Duyan
Quezon City,1102,E. Rodriguez
Quezon City,1109,Escopa
Quezon City,1118,Fairview
Quezon City,1121,Fairview [North]
Quezon City,1122,Fairview [South]
Quezon City,1114,Gintong Silahis
Quezon City,1117,Gulod
Quezon City,1127,Holy Spirit
Quezon City,1112,Horseshoe
Quezon City,1111,Immaculate Concepcion
Quezon City,1124,Kaligayahan
Quezon City,1112,Kalusugan
Quezon City,1102,Kamias
Quezon City,1103,Kamuning
Quezon City,1105,Katipunan
Quezon City,1111,Kaunlaran
Quezon City,1112,Kristong Hari
Quezon City,1101,Krus na Ligas
Quezon City,1114,La Loma
Quezon City,1103,Laging Handa
Quezon City,1110,Libis
Quezon City,1114,Lourdes
Quezon City,1108,Loyola Heights
Quezon City,1114,Maharlika
Quezon City,1101,Malaya
Quezon City,1109,Mangga
Quezon City,1115,Manresa
Quezon City,1112,Mariana
Quezon City,1104,Mariblo
Quezon City,1109,Marilag
Quezon City,1109,Masagana
Quezon City,1115,Masambong
Quezon City,1114,Matalahib
Quezon City,1119,Matandang Balara
Quezon City,1109,Milagrosa
Quezon City,1138,Murphy District P.O. Boxes
Quezon City,1125,Nagkaisang Nayon
Quezon City,830,National Irrigation Administration
Quezon City,1104,Nayon Kaunlaran
Quezon City,1107,New Era
Quezon City,1147,Novaliches P.O. Boxes
Quezon City,1123,Novaliches Proper
Quezon City,1103,Obrero
Quezon City,1101,Old Capitol Site
Quezon City,1114,Paang Bundok
Quezon City,1115,Pag-Ibig sa Nayon
Quezon City,1103,Paligsahan
Quezon City,1105,Paltok
Quezon City,1108,Pansol
Quezon City,1104,Paraiso
Quezon City,1118,Pasong Putik
Quezon City,1107,Pasong Tamo
Quezon City,1119,Payatas
Quezon City,1104,Phil-Am
Quezon City,850,Philippine Heart Center
Quezon City,1111,Pinagkaisahan
Quezon City,1100,Piñahan
Quezon City,1109,Project 4
Quezon City,1100,Project 6
Quezon City,1105,Project 7
Quezon City,1106,Project 8
Quezon City,1100,Quezon City CPO
Quezon City,1150,Quezon City CPO - P.O. Box Nos. 1000 to 1099
Quezon City,1151,Quezon City CPO - P.O. Box Nos. 1100 to 1199
Quezon City,1152,Quezon City CPO - P.O. Box Nos. 1200 to 1299
Quezon City,1153,Quezon City CPO - P.O. Box Nos. 1300 to 1399
Quezon City,1154,Quezon City CPO - P.O. Box Nos. 1400 to 1499
Quezon City,1155,Quezon City CPO - P.O. Box Nos. 1500 to 1599
Quezon City,1156,Quezon City CPO - P.O. Box Nos. 1600 to 1699
Quezon City,1157,Quezon City CPO - P.O. Box Nos. 1700 to 1799
Quezon City,1158,Quezon City CPO - P.O. Box Nos. 1800 to 1899
Quezon City,1159,Quezon City CPO - P.O. Box Nos. 1900 to 1999
Quezon City,1160,Quezon City CPO - P.O. Box Nos. 2000 to 2099
Quezon City,1161,Quezon City CPO - P.O. Box Nos. 2100 to 2199
Quezon City,1162,Quezon City CPO - P.O. Box Nos. 2200 to 2299
Quezon City,1163,Quezon City CPO - P.O. Box Nos. 2300 to 2399
Quezon City,1164,Quezon City CPO - P.O. Box Nos. 2400 to 2499
Quezon City,1165,Quezon City CPO - P.O. Box Nos. 2500 to 2599
Quezon City,1166,Quezon City CPO - P.O. Box Nos. 2600 to 2699
Quezon City,1167,Quezon City CPO - P.O. Box Nos. 2700 to 2799
Quezon City,1168,Quezon City CPO - P.O. Box Nos. 2800 to 2899
Quezon City,1169,Quezon City CPO - P.O. Box Nos. 2900 to 2999
Quezon City,1170,Quezon City CPO - P.O. Box Nos. 3000 to 3099
Quezon City,1171,Quezon City CPO - P.O. Box Nos. 3100 to 3199
Quezon City,1172,Quezon City CPO - P.O. Box Nos. 3200 to 3299
Quezon City,1173,Quezon City CPO - P.O. Box Nos. 3300 to 3399
Quezon City,1174,Quezon City CPO - P.O. Box Nos. 3400 to 3499
Quezon City,1175,Quezon City CPO - P.O. Box Nos. 3500 to 3599
Quezon City,1176,Quezon City CPO - P.O. Box Nos. 3600 to 3699
Quezon City,1177,Quezon City CPO - P.O. Box Nos. 3700 to 3799
Quezon City,860,Quezon City Hall
Quezon City,1102,Quirino District (Project 2 & 3)
Quezon City,1105,R. Magsaysay
Quezon City,1103,Roxas District
Quezon City,1103,Sacred Heart
Quezon City,1114,Salvacion
Quezon City,1117,San Agustin
Quezon City,1105,"San Antonio, Quezon City"
Quezon City,1116,San Bartolome
Quezon City,1113,San Isidro
Quezon City,1114,San Isidro Labrador
Quezon City,1115,San Jose
Quezon City,1109,San Roque
Quezon City,1101,San Vicente
Quezon City,1116,Sangandaan
Quezon City,1104,Santa Cruz
Quezon City,1117,Santa Lucia
Quezon City,1117,Santa Monica
Quezon City,1114,Santa Teresita
Quezon City,1105,Santo Cristo
Quezon City,1113,Santo Niño
Quezon City,1113,Santol
Quezon City,1116,Sauyo
Quezon City,1114,Sienna
Quezon City,1101,Sikatuna Village
Quezon City,1102,Silangan
Quezon City,800,Social Security System
Quezon City,1109,Socorro
Quezon City,1103,South Triangle
Quezon City,1110,St. Ignatius
Quezon City,1111,St. Martin de Porres
Quezon City,1114,St. Peter
Quezon City,1109,Tagumpay
Quezon City,1110,Talampas
Quezon City,1104,Talayan
Quezon City,1116,Talipapa
Quezon City,1116,Tandang Sora
Quezon City,1113,Tatalon
Quezon City,1101,Teachers Village
Quezon City,1110,Ugong Norte
Quezon City,1106,Unang Sigaw
Quezon City,1101,University of the Philippines Post Office
Quezon City,1144,University of the Philippines P.O. Boxes
Quezon City,1101,University of the Philippines Village
Quezon City,840,V. Luna Hospital
Quezon City,1112,Valencia
Quezon City,1128,Vasra
Quezon City,870,Veterans Hospital
Quezon City,1105,Veterans Village
Quezon City,1109,Villa Maria Clara
Quezon City,1120,Violago Homes
Quezon City,1104,West Triangle
Quezon City,1110,White Plains
San Juan City,1504,Eisenhower - Crame
San Juan City,1502,Greenhills Post Office
San Juan City,1503,Greenhills [North]
San Juan City,1500,San Juan Central Post Office
San Juan City,400,International Correspondence School
San Juan City,401,Asian Development Bank
San Juan City,410,Radio Bible Class
San Juan City,420,Bible School on the Air
San Juan City,1530,Greenhills P.O. Box Nos. 1000 to 1099
San Juan City,1531,Greenhills P.O. Box Nos. 1100 to 1199
San Juan City,1532,Greenhills P.O. Box Nos. 1200 to 1299
San Juan City,1533,Greenhills P.O. Box Nos. 1300 to 1399
San Juan City,1534,Greenhills P.O. Box Nos. 1400 to 1499
San Juan City,1535,Greenhills P.O. Box Nos. 1500 to 1599
San Juan City,1536,Greenhills P.O. Box Nos. 1600 to 1699
Taguig City,1636,Bay Breeze Executive Village
Taguig City,1631,Bicutan
Taguig City,1632,ususan
Taguig City,1633,Upper Bicutan
Taguig City,1630,"Western Bicutan (including Food Terminal, Inc. complex)"
Taguig City,1638,Ligid
Taguig City,1634,Nichols - McKinley
Taguig City,1637,Tuktukan
Valenzuela City,1444,Arkong Bato
Valenzuela City,1445,Balangkas - Caloong
Valenzuela City,1443,Dalandanan - West Canumay
Valenzuela City,1447,East Canumay - Lawang Bato Punturin
Valenzuela City,1442,Fortune Village
Valenzuela City,1442,General T. de Leon
Valenzuela City,1441,Karuhatan
Valenzuela City,1446,Lingunan
Valenzuela City,1444,Mabolo
Valenzuela City,1444,Malanday
Valenzuela City,1448,Mapulang Lupa
Valenzuela City,1442,Paso de Blas
Valenzuela City,1444,Pasolo
Valenzuela City,1444,Polo
Valenzuela City,1444,Rincon
Valenzuela City,1440,Valenzuela Central Post Office - Malinta
Valenzuela City,1469,Valenzuela P.O. Boxes
Valenzuela City,560,Far East Broadcasting Corporation
Valenzuela City,550,Febias College of Bible
Misamis Occidental,7206,Aloran
Misamis Occidental,7211,Baliangao
Misamis Occidental,7215,Bonifacio
Misamis Occidental,7210,Calamba
Misamis Occidental,7201,Clarin
Misamis Occidental,7213,Concepcion
Misamis Occidental,7204,Jimenez
Misamis Occidental,7208,Lopez Jaena
Misamis Occidental,7207,Oroquieta City
Misamis Occidental,7200,Ozamis City
Misamis Occidental,7205,Panaon
Misamis Occidental,7209,Plaridel
Misamis Occidental,7212,Sapang Dalaga
Misamis Occidental,7203,Sinacaban
Misamis Occidental,7214,Tangub City
Misamis Occidental,7202,Tudela
Misamis Oriental,9018,Alubijid
Misamis Oriental,9005,Balingasag
Misamis Oriental,9011,Balinguan
Misamis Oriental,9008,Binuangan
Misamis Oriental,9000,Cagayan de Oro City
Misamis Oriental,9004,Claveria
Misamis Oriental,9017,El Salvador
Misamis Oriental,9014,Gingoog City
Misamis Oriental,9020,Gitagum
Misamis Oriental,9022,Initao
Misamis Oriental,9003,Jasaan
Misamis Oriental,9010,Kinogitan
Misamis Oriental,9006,Lagonglong
Misamis Oriental,9019,Laguindingan
Misamis Oriental,9021,Libertad
Misamis Oriental,9025,Lugait
Misamis Oriental,9015,Magsaysay
Misamis Oriental,9024,Manticao
Misamis Oriental,9013,Medina
Misamis Oriental,9023,Naawan
Misamis Oriental,9016,Opol
Misamis Oriental,9007,Salay
Misamis Oriental,9009,Sugbungcogon
Misamis Oriental,9001,Tagoloan
Misamis Oriental,9012,Talisayan
Misamis Oriental,9002,Villanueva
Mountain Province,2623,Barlig
Mountain Province,2621,Bauko
Mountain Province,2618,Besao
Mountain Province,2616,Bontoc
Mountain Province,2624,Natonin
Mountain Province,2625,Paracelis
Mountain Province,2622,Sabangan
Mountain Province,2617,Sadanga
Mountain Province,2619,Sagada
Mountain Province,2620,Tadian
Negros Occidental,6100,Bacolod City
Negros Occidental,6101,Bago City
Negros Occidental,6107,Binalbagan City
Negros Occidental,6121,Cadiz City
Negros Occidental,6126,Calatrava
Negros Occidental,6110,Candoni
Negros Occidental,6118,Enrique Magalona
Negros Occidental,6124,Escalante City
Negros Occidental,6108,Himamaylan City
Negros Occidental,6106,Hinigaran City
Negros Occidental,6114,Hinoba-an
Negros Occidental,6109,Ilog
Negros Occidental,6128,Isabela
Negros Occidental,6111,Kabankalan City
Negros Occidental,6112,Cauayan
Negros Occidental,6130,La Carlota City
Negros Occidental,6131,La Castillana
Negros Occidental,6120,Manapla
Negros Occidental,6132,Moises Padilla
Negros Occidental,6129,Murcia
Negros Occidental,6123,Paraiso (Fabrica)
Negros Occidental,6105,Pontevedra
Negros Occidental,6102,Pulupandan
Negros Occidental,6122,Sagay City
Negros Occidental,6127,San Carlos City
Negros Occidental,6104,San Enrique
Negros Occidental,6116,Silay City
Negros Occidental,6117,Silay Hawaiian Central
Negros Occidental,6113,Sipalay City
Negros Occidental,6115,Talisay City
Negros Occidental,6125,Toboso
Negros Occidental,6103,Valladolid
Negros Occidental,6119,Victorias City
Negros Oriental,6203,Amlan
Negros Oriental,6210,Ayungon
Negros Oriental,6216,Bacong
Negros Oriental,6206,Bais City
Negros Oriental,6222,Basay
Negros Oriental,6221,Bayawan City
Negros Oriental,6209,Bindoy
Negros Oriental,6223,Canlaon City
Negros Oriental,6217,Dauin
Negros Oriental,6200,Dumaguete City
Negros Oriental,6214,Guihulngan
Negros Oriental,6212,Jimalalud
Negros Oriental,6213,La Libertad
Negros Oriental,6207,Mabinay
Negros Oriental,6208,Manjuyod
Negros Oriental,6205,Pamplona
Negros Oriental,6202,San Jose
Negros Oriental,6219,Siaton
Negros Oriental,6201,Sibulan
Negros Oriental,6220,Sta. Catalina
Negros Oriental,6204,Tanjay City
Negros Oriental,6211,Tayasan
Negros Oriental,6215,Valencia
Negros Oriental,6224,Valle Hermoso
Negros Oriental,6218,Zamboanguita
Northern Samar,6405,Allen
Northern Samar,6410,Biri
Northern Samar,6401,Bobon
Northern Samar,6408,Capul
Northern Samar,6400,Catarman
Northern Samar,6418,Catubig
Northern Samar,6422,Gamay
Northern Samar,6411,Laoang
Northern Samar,6423,Lapinig
Northern Samar,6420,Las Navas
Northern Samar,6404,Lavezares
Northern Samar,6403,Lope de Vega
Northern Samar,6412,Mapanas
Northern Samar,6417,Mondragon
Northern Samar,6421,Palapag
Northern Samar,6413,Pambujan
Northern Samar,6416,Rosario
Northern Samar,6407,San Antonio
Northern Samar,6409,San Isidro
Northern Samar,6402,San Jose
Northern Samar,6415,San Roque
Northern Samar,6419,San Vicente
Northern Samar,6414,Silvino Lobos
Northern Samar,6406,Victoria
Nueva Ecija,3111,Aliaga
Nueva Ecija,3128,Bongabon
Nueva Ecija,3100,Cabanatuan City
Nueva Ecija,3107,Cabiao
Nueva Ecija,3123,Carranglan
Nueva Ecija,3120,Central Luzon State University
Nueva Ecija,3117,Cuyapo
Nueva Ecija,3130,Fort Magsaysay
Nueva Ecija,3131,Gabaldon
Nueva Ecija,3105,Gapan City
Nueva Ecija,3125,General M. Natividad
Nueva Ecija,3104,General Tinio
Nueva Ecija,3115,Guimba
Nueva Ecija,3109,Jaen
Nueva Ecija,3129,Laur
Nueva Ecija,3112,Licab
Nueva Ecija,3126,Llanera
Nueva Ecija,3122,Lupao
Nueva Ecija,3119,Science City of Muñoz
Nueva Ecija,3116,Nampicuan
Nueva Ecija,3132,Palayan City
Nueva Ecija,3124,Pantabangan
Nueva Ecija,3103,Peñaranda
Nueva Ecija,3113,Quezon
Nueva Ecija,3127,Rizal
Nueva Ecija,3108,San Antonio
Nueva Ecija,3106,San Isidro
Nueva Ecija,3121,San Jose City
Nueva Ecija,3102,San Leonardo
Nueva Ecija,3101,Santa Rosa
Nueva Ecija,3133,Santo Domingo
Nueva Ecija,3114,Talavera
Nueva Ecija,3118,Talugtog
Nueva Ecija,3110,Zaragoza
Nueva Vizcaya,3714,Alfonso Castañeda
Nueva Vizcaya,3701,Ambaguio
Nueva Vizcaya,3704,Aritao
Nueva Vizcaya,3711,Bagabag
Nueva Vizcaya,3702,Bambang
Nueva Vizcaya,3700,Bayombong
Nueva Vizcaya,3712,Diadi
Nueva Vizcaya,3706,Dupax del Norte
Nueva Vizcaya,3707,Dupax del Sur
Nueva Vizcaya,3703,Kasibu
Nueva Vizcaya,3708,Kayapa
Nueva Vizcaya,3714,Quezon
Nueva Vizcaya,3709,Solano
Nueva Vizcaya,3705,Santa Fe (Imugan)
Nueva Vizcaya,3710,Villa Verde (Ibung)
Occidental Mindoro,5108,Abra de Ilog
Occidental Mindoro,5102,Calintaan
Occidental Mindoro,5111,Looc
Occidental Mindoro,5109,Lubang
Occidental Mindoro,5101,Magsaysay
Occidental Mindoro,5106,Mamburao
Occidental Mindoro,5107,Paluan
Occidental Mindoro,5103,Rizal
Occidental Mindoro,5104,Sablayan
Occidental Mindoro,5100,San Jose
Occidental Mindoro,5105,Santa Cruz
Occidental Mindoro,5110,Tilik
Oriental Mindoro,5201,Baco
Oriental Mindoro,5210,Bansud
Oriental Mindoro,5211,Bongabon
Oriental Mindoro,5214,Bulalacao
Oriental Mindoro,5200,Calapan
Oriental Mindoro,5209,Gloria
Oriental Mindoro,5213,Mansalay
Oriental Mindoro,5204,Naujan
Oriental Mindoro,5208,Pinamalayan
Oriental Mindoro,5206,Pola
Oriental Mindoro,5203,Puerto Galera
Oriental Mindoro,5212,Roxas
Oriental Mindoro,5202,San Teodoro
Oriental Mindoro,5207,Socorro
Oriental Mindoro,5205,Victoria
Palawan,5300,Puerto Princesa
Palawan,5301,Iwahig Penal Colony
Palawan,5302,Aborlan
Palawan,5303,Narra (Panacan)
Palawan,5304,Quezon
Palawan,5305,Brooke's Point
Palawan,5306,Bataraza
Palawan,5307,Balabac
Palawan,5308,Roxas
Palawan,5309,San Vicente
Palawan,5310,Dumaran
Palawan,5311,Araceli
Palawan,5312,Taytay
Palawan,5313,El Nido (Bacuit)
Palawan,5314,Linapacan
Palawan,5315,Culion
Palawan,5316,Coron
Palawan,5317,Busuanga
Palawan,5318,Cuyo
Palawan,5319,Magsaysay
Palawan,5320,Agutaya
Palawan,5321,Cagayancillo
Palawan,5322,Kalayaan
Pampanga,2009,Angeles City/Clark Special Economic ZoneBalibago a Barangay in Angeles city has its own zip code 2024
Pampanga,2016,Apalit
Pampanga,2012,Arayat
Pampanga,2001,Bacolor
Pampanga,2007,Basa Airbase
Pampanga,2013,Candaba
Pampanga,2006,Floridablanca
Pampanga,2003,Guagua
Pampanga,2005,Lubao
Pampanga,2010,Mabalacat
Pampanga,2018,Macabebe
Pampanga,2011,Magalang
Pampanga,2017,Masantol
Pampanga,2021,Mexico
Pampanga,2019,Minalin
Pampanga,2008,Porac
Pampanga,2000,City of San Fernando
Pampanga,2014,San Luis
Pampanga,2015,San Simon
Pampanga,2022,Santa Ana
Pampanga,2002,Santa Rita
Pampanga,2020,Santo Tomas
Pampanga,2004,Sasmuan (Sexmoan)
Pangasinan,2408,Agno
Pangasinan,2415,Aguilar
Pangasinan,2404,Alaminos
Pangasinan,2425,Alcala
Pangasinan,2405,Anda
Pangasinan,2439,Asingan
Pangasinan,2442,Balungao
Pangasinan,2407,Bani
Pangasinan,2422,Basista
Pangasinan,2424,Bautista
Pangasinan,2423,Bayambang
Pangasinan,2436,Binalonan
Pangasinan,2417,Binmaley
Pangasinan,2406,Bolinao
Pangasinan,2416,Bugallon
Pangasinan,2410,Burgos
Pangasinan,2418,Calasiao
Pangasinan,2400,Dagupan City
Pangasinan,2411,Dasol
Pangasinan,2412,Infanta
Pangasinan,2402,Labrador
Pangasinan,2437,Laoac
Pangasinan,2401,Lingayen
Pangasinan,2409,Mabini
Pangasinan,2421,Malasiqui
Pangasinan,2430,Manaoag
Pangasinan,2432,Mangaldan
Pangasinan,2413,Mangatarem
Pangasinan,2429,Mapandan
Pangasinan,2446,Natividad
Pangasinan,2435,Pozorrubio
Pangasinan,2441,Rosales
Pangasinan,2420,San Carlos City
Pangasinan,2433,San Fabian
Pangasinan,2431,San Jacinto
Pangasinan,2438,San Manuel
Pangasinan,2447,San Nicolas
Pangasinan,2444,San Quintin
Pangasinan,2419,Santa Barbara
Pangasinan,2440,Santa Maria
Pangasinan,2426,Santo Tomas
Pangasinan,2434,Sison
Pangasinan,2403,Sual
Pangasinan,2445,Tayug
Pangasinan,2443,Umingan
Pangasinan,2414,Urbiztondo
Pangasinan,2428,Urdaneta
Pangasinan,2427,Villasis
Quezon,4304,Agdangan
Quezon,4333,Alabat
Quezon,4331,Atimonan
Quezon,4320,Buenavista
Quezon,4340,Burdeos
Quezon,4318,Calauag
Quezon,4323,Candelaria
Quezon,4311,Catanauan
Quezon,4326,Dolores
Quezon,4310,General Antonio Luna
Quezon,4338,General Nakar
Quezon,4319,Guinayangan
Quezon,4307,Gumaca
Quezon,4317,Hondagua
Quezon,4336,Infanta
Quezon,4342,Jomalig
Quezon,4316,Lopez
Quezon,4328,Lucban
Quezon,4301,Lucena City
Quezon,4309,Macalelon
Quezon,4330,Mauban
Quezon,4312,Mulanay
Quezon,4303,Padre Burgos
Quezon,4302,Pagbilao
Quezon,4337,Panukulan
Quezon,4341,Patnanungan
Quezon,4334,Perez
Quezon,4308,Pitogo
Quezon,4306,Plaridel
Quezon,4339,Polilio
Quezon,4332,Quezon
Quezon,4300,"Provincial Capitol, Lucena City"
Quezon,4335,Real
Quezon,4329,Sampaloc
Quezon,4314,San Andres
Quezon,4324,San Antonio
Quezon,4315,San Francisco (Aurora)
Quezon,4313,San Narciso
Quezon,4322,Sariaya
Quezon,4321,Tagkawayan
Quezon,4327,Tayabas
Quezon,4325,Tiaong
Quezon,4305,Unisan
Quirino,3400,Cabarroguis
Quirino,3401,Diffun
Quirino,3402,Saguday
Quirino,3403,Aglipay
Quirino,3404,Maddela
Quirino,3405,Nagtipunan (Abbag)
Rizal,1850,San Mateo
Rizal,1860,Rodriguez
Rizal,1870,Antipolo City
Rizal,1880,Teresa
Rizal,1900,Cainta
Rizal,1910,Pililla
Rizal,1920,Taytay
Rizal,1930,Angono
Rizal,1940,Binangonan
Rizal,1950,Cardona
Rizal,1960,Morong
Rizal,1970,Baras
Rizal,1980,Tanay
Rizal,1900,Jalajala
Romblon,5509,Alcantara
Romblon,5515,Banton (Jones)
Romblon,5512,Cajidiocan
Romblon,5503,Calatrava
Romblon,5516,Concepcion
Romblon,5514,Corcuera
Romblon,5506,Ferrol
Romblon,5502,Imelda
Romblon,5507,Looc
Romblon,5511,Magdiwang
Romblon,5505,Odiongan
Romblon,5500,Romblon
Romblon,5501,San Agustin
Romblon,5504,San Andres
Romblon,5513,San Fernando
Romblon,5510,San Jose
Romblon,5508,Santa Fe
Sarangani,9501,Alabel
Sarangani,9517,Glan
Sarangani,9514,Kiamba
Sarangani,9502,Maasim
Sarangani,9515,Maitum
Sarangani,9516,Malapatan
Sarangani,9503,Malungon
Shariff Kabunsuan,9614,Barira
Shariff Kabunsuan,9615,Buldon
Shariff Kabunsuan,9601,Datu Odin Sinsuat (Dinaig)
Shariff Kabunsuan,9606,Kabuntalan/Northern Kabuntalan
Shariff Kabunsuan,9613,Matanog
Shariff Kabunsuan,9604,Parang
Shariff Kabunsuan,9605,Sultan Kudarat/Sultan Mastura
Shariff Kabunsuan,9602,Upi/Datu Blah T. Sinsuat
Shariff Kabunsuan,9603,Ampatuan City
Siquijor,6230,Enrique Villanueva
Siquijor,6226,Larena
Siquijor,6228,Lazi
Siquijor,6229,Maria
Siquijor,6227,San Juan
Siquijor,6225,Siquij
Sorsogon,4701,Bacon
Sorsogon,4712,Barcelona
Sorsogon,4706,Bulan
Sorsogon,4704,Bulusan
Sorsogon,4702,Casiguran
Sorsogon,4713,Castilla
Sorsogon,4715,Donsol
Sorsogon,4710,Gubat
Sorsogon,4707,Irosin
Sorsogon,4703,Juban
Sorsogon,4705,Magallanes
Sorsogon,4708,Matnog
Sorsogon,4714,Pilar
Sorsogon,4711,Prieto Diaz
Sorsogon,4709,Santa Magdalena
Sorsogon,4700,Sorsogon
South Cotabato,9511,Banga
South Cotabato,9500,General Santos City (Dadiangas)
South Cotabato,9506,Koronadal City
South Cotabato,9508,Norala
South Cotabato,9504,Polomolok
South Cotabato,9509,Sto. Niño
South Cotabato,9512,Surallah
South Cotabato,9507,Tampakan
South Cotabato,9510,Tantangan
South Cotabato,9513,T'Boli
South Cotabato,9505,Tupi
Southern Leyte,6610,Anahawan
Southern Leyte,6604,Bontoc
Southern Leyte,6608,Hinunangan
Southern Leyte,6609,Hinundayan
Southern Leyte,6615,Libagon
Southern Leyte,6612,Liloan
Southern Leyte,6600,Maasin
Southern Leyte,6601,Macrohon
Southern Leyte,6603,Malitbog
Southern Leyte,6602,Padre Burgos
Southern Leyte,6614,Pintuyan
Southern Leyte,6613,San Francisco
Southern Leyte,6611,San Juan (Cabalian)
Southern Leyte,6617,San Ricardo
Southern Leyte,6607,Silago
Southern Leyte,6606,Sogod
Southern Leyte,6616,St. Bernard
Southern Leyte,6605,Tomas Oppus
Sultan Kudarat,9810,Bagumbayan
Sultan Kudarat,9801,Columbio
Sultan Kudarat,9806,Esperanza (Ampatuan)
Sultan Kudarat,9805,Isulan
Sultan Kudarat,9808,Kalamansig
Sultan Kudarat,9807,Lebak (Salaman)
Sultan Kudarat,9803,Lutayan
Sultan Kudarat,9802,Mariano Marcos
Sultan Kudarat,9809,Palimbang
Sultan Kudarat,9804,Pres. Quirino
Sultan Kudarat,9811,Sen. Ninoy Aquino
Sultan Kudarat,9800,Tacurong
Sulu,7407,Indanan
Sulu,7400,Jolo
Sulu,7416,Kalingalan Kalauang
Sulu,7411,Lugus
Sulu,7404,Luuk
Sulu,7409,Maimbung
Sulu,7413,Marungas
Sulu,7402,Panamao
Sulu,7415,Panglima Estino
Sulu,7414,Panguntaran
Sulu,7408,Parang
Sulu,7405,Pata
Sulu,7401,Patikul
Sulu,7412,Siasi
Sulu,7403,Talipao
Sulu,7410,Tapul
Sulu,7406,Tongkil
Surigao del Norte,8425,Alegria
Surigao del Norte,8408,Bacuag
Surigao del Norte,8424,Burgos
Surigao del Norte,8410,Claver
Surigao del Norte,8417,Dapa
Surigao del Norte,8418,Del Carmen
Surigao del Norte,8419,Gen. Luna
Surigao del Norte,8409,Gigaquit
Surigao del Norte,8407,Mainit
Surigao del Norte,8402,Malimano
Surigao del Norte,8420,Pilar
Surigao del Norte,8405,Placer
Surigao del Norte,8423,San Benito
Surigao del Norte,8401,San Francisco
Surigao del Norte,8421,San Isidro
Surigao del Norte,8422,Santa Monica
Surigao del Norte,8404,Sison
Surigao del Norte,8416,Socorro
Surigao del Norte,8400,Surigao City
Surigao del Norte,8403,Tagana-an
Surigao del Norte,8406,Tubod
Surigao del Sur,8309,Barobo
Surigao del Sur,8303,Bayabas
Surigao del Sur,8311,Bislig
Surigao del Sur,8304,Cagwait
Surigao del Sur,8317,Cantillan
Surigao del Sur,8315,Carmen
Surigao del Sur,8318,Carrascal
Surigao del Sur,8313,Cortez
Surigao del Sur,8310,Hinatuan
Surigao del Sur,8314,Lanuza
Surigao del Sur,8307,Lianga
Surigao del Sur,8312,Lingig
Surigao del Sur,8316,Madrid
Surigao del Sur,8306,Marihatag
Surigao del Sur,8305,San Agustin
Surigao del Sur,8301,San Miguel
Surigao del Sur,8308,Tagbina
Surigao del Sur,8302,Tago
Surigao del Sur,8300,Tandag
Tarlac,2310,Anao
Tarlac,2317,Bamban
Tarlac,2306,Camiling
Tarlac,2333,Capas
Tarlac,2316,Concepcion
Tarlac,2302,Gerona
Tarlac,2314,La Paz
Tarlac,2304,Mayantoc
Tarlac,2334,Moncada
Tarlac,2307,[Paniqui]
Tarlac,2312,Pura
Tarlac,2311,Ramos
Tarlac,2305,San Clemente
Tarlac,2309,San Manuel
Tarlac,2301,San Jose
Tarlac,2303,Santa Ignacia
Tarlac,2300,Tarlac City
Tarlac,2313,Victoria
Tarlac,7500,Bongao
Tarlac,7508,Mapun (Cagayan de Sulu)
Tarlac,7509,Languyan
Tarlac,7501,Panglima Sugala (Balimbing)
Tarlac,7503,Sapa-Sapa
Tarlac,7505,Simunul
Tarlac,7506,Sitangkai
Tarlac,7504,South Ubian
Tarlac,7507,Turtle Island (Taganak)
Tarlac,7502,Tandubas
Western Samar,6724,Almagro
Western Samar,6720,Basey
Western Samar,6710,Calbayog City
Western Samar,6715,Calbiga
Western Samar,6700,Catbalogan
Western Samar,6722,Daram
Western Samar,6706,Gandara
Western Samar,6713,Hinabangan
Western Samar,6701,Jiabong
Western Samar,6721,Marabut
Western Samar,6708,Matuguinao
Western Samar,6702,Motiong
Western Samar,6705,Pagsanghan
Western Samar,6703,Paranas (Wright)
Western Samar,6716,Pinabacdao
Western Samar,6707,San Jorge
Western Samar,6723,San Jose De Buan
Western Samar,6714,San Sebastian
Western Samar,6709,Santa Margarita
Western Samar,6718,Santa Rita
Western Samar,6711,Santo Niño
Western Samar,6712,Tagapul-an
Western Samar,6719,Talalora
Western Samar,6704,Tarangnan
Western Samar,6717,Villareal
Western Samar,6725,Zumarraga
Zambales,2202,Botolan
Zambales,2203,Cabangan
Zambales,2212,Candelaria
Zambales,2208,Castillejos
Zambales,2201,Iba
Zambales,2211,Masinloc
Zambales,2200,Olongapo City
Zambales,2210,Palauig & Scarborough Shoal
Zambales,2206,San Antonio
Zambales,2204,San Felipe
Zambales,2207,San Marcelino
Zambales,2205,San Narciso
Zambales,2213,Santa Cruz
Zambales,2209,Subic
Zambales,2222,Subic Bay Freeport Zone (Metro Subic)
Zamboanga del Norte,7123,Baliguian
Zamboanga del Norte,7101,Dapitan City
Zamboanga del Norte,7100,Dipolog City
Zamboanga del Norte,7118,Gutalac
Zamboanga del Norte,7111,Jose Dalman (Ponot)
Zamboanga del Norte,7124,Kalawit
Zamboanga del Norte,7109,Katipunan
Zamboanga del Norte,7119,La Libertad
Zamboanga del Norte,7117,Labason
Zamboanga del Norte,7115,Liloy
Zamboanga del Norte,7110,Manukan
Zamboanga del Norte,7107,Mutia
Zamboanga del Norte,7105,Pinan
Zamboanga del Norte,7106,Polanco
Zamboanga del Norte,7104,Rizal
Zamboanga del Norte,7102,Roxas
Zamboanga del Norte,7114,Salug
Zamboanga del Norte,7108,Sergio Osmeña
Zamboanga del Norte,7113,Siayan
Zamboanga del Norte,7122,Sibuco
Zamboanga del Norte,7103,Sibutad
Zamboanga del Norte,7112,Sindangan (Leon B. Postigo)
Zamboanga del Norte,7120,Siocon
Zamboanga del Norte,7121,Siraway
Zamboanga del Norte,7116,Tampilisan
Zamboanga del Sur,7020,Aurora
Zamboanga del Sur,7011,Bayog
Zamboanga del Sur,7032,Dimataling
Zamboanga del Sur,7030,Dinas
Zamboanga del Sur,7015,Dumalinao
Zamboanga del Sur,7028,Dumingag
Zamboanga del Sur,7042,Guipos
Zamboanga del Sur,7027,Josefina
Zamboanga del Sur,7005,Kumalarang
Zamboanga del Sur,7017,Labangan
Zamboanga del Sur,7014,Lakewood
Zamboanga del Sur,7037,Lapuyan
Zamboanga del Sur,7026,Mahayag
Zamboanga del Sur,7035,Margosatubig
Zamboanga del Sur,7021,Midsalip
Zamboanga del Sur,7023,Molave
Zamboanga del Sur,7016,Pagadian City
Zamboanga del Sur,7033,Pitogo
Zamboanga del Sur,7024,Ramon Magsaysay (Liargo)
Zamboanga del Sur,7029,San Miguel
Zamboanga del Sur,7031,San Pablo
Zamboanga del Sur,7022,Sominot (Don Mariano Marcos)
Zamboanga del Sur,7034,Tabina
Zamboanga del Sur,7025,Tambulig
Zamboanga del Sur,7000,Zamboanga City
Zamboanga del Sur,7043,Tigbao
Zamboanga del Sur,7019,Tukuran
Zamboanga del Sur,7036,Vincenzo A. Sagun
Zamboanga Sibugay,7040,Alicia
Zamboanga Sibugay,7009,Buug
Zamboanga Sibugay,7039,Diplahan
Zamboanga Sibugay,7007,Imelda
Zamboanga Sibugay,7001,Ipil
Zamboanga Sibugay,7005,Kabasalan
Zamboanga Sibugay,7010,Mabuhay
Zamboanga Sibugay,7038,Malangas
Zamboanga Sibugay,7004,Naga
Zamboanga Sibugay,7041,Olutanga
Zamboanga Sibugay,7008,Payao
Zamboanga Sibugay,7002,Roseller T. Lim
Zamboanga Sibugay,7006,Siay
Zamboanga Sibugay,7012,Talusan
Zamboanga Sibugay,7003,Titay
